id,mail
UCPDlh3WjaEF6VB3sjDk76qg,TRUE
UCEt4vnW3zxpfI8CfHmO_1yA,FALSE
UC1Ej1HysXFszU2d1rMhzk1w,FALSE
UCSLIJTwAKRhlSlIvhbpHPuQ,TRUE
UCKqH_9mk1waLgBiL2vT5b9g,TRUE
UC9Hes1NEFW4idc1zbUM7xnQ,TRUE
UC6hxJ5YIi0e7tvh-gsKaCdQ,FALSE
UCA8qiM3rL21iWPD2LhbSZHw,FALSE
UC9sbzqlvD9eAkj-tlFDDITg,TRUE
UCc7r84eB_n8f3Ke4GrYua1g,TRUE
UCoUddkWzlmw1cExDMphmFkg,TRUE
UCrS-5vch6RBMR91PIY7lDGQ,FALSE
UCmk-oIJGnIoq0I7Y-EPaIfg,TRUE
UCmxue_fYStkGRzDtUg-Ccvg,FALSE
UCLT1IUNC059GjzETTferwig,TRUE
UCLHVgDFeEUIDGJ2RLovOaBQ,TRUE
UCeC-6MhIyKxI71kor8M3fXw,TRUE
UC5BkHUYfYkywZ5wRD1b9fVg,FALSE
UCXa0bh_GSTJ82lkJip37iQg,FALSE
UCE03Bd07snXvxdeiWqdlEQQ,FALSE
UCuEJEsH8iYGj4SA6xoEtHVQ,FALSE
UC-ikVvfoDcZuqOjTqFDpVqw,TRUE
UC3m_wXRBYTAO7OzdEmlUuKA,TRUE
UCSYiFp6kT3EXapeXKmyV2gw,TRUE
UCQJQR-pkLByaGK1UPaAQDQQ,FALSE
UCt7DNeJlu-OxhTY6Dwj2syg,TRUE
UCxVvKbJveH8CK9ykW5d60nQ,TRUE
UCR-TZXPuWmsUUxVxzvj4OkA,TRUE
UCPZ3zWPZXFNdLWJqrFBKASw,FALSE
UCnI4TsgvyZEjO79JuTXLJfQ,TRUE
UCQn6unu-UHHzwJyFuEiagmQ,FALSE
UC9yPh-cxxOKyKvVFugf7SRA,TRUE
UCvh05ASii1x4NfAqwU02YMQ,FALSE
UC1ySKOvdSfXOkryrMb9IF0A,FALSE
UCVncRKgASGxvSrIh_AEYvdg,FALSE
UCw-2NU7l92brviDK_UMqW5A,FALSE
UC-syhtUey5pya0AEyrmcoQw,FALSE
UCcZNkmgoyUhb56QjFnPbrIQ,TRUE
UChKziCU8hnJQain93xzyojA,TRUE
UCHOF0tkd2_qRZkaOI7hpOAA,TRUE
UCwcxNXRK0Sj4zmsKMP15B5w,TRUE
UCoP3m0FOpBZ5Yx4TpdeY5fg,FALSE
UC-zGImpL0VCQSKLrLZFYGsA,FALSE
UC5NAlsfxn3RSgFFRze0x_ig,FALSE
UCBzZ9lJmcsPRbiyHPbLYvOA,TRUE
UCU3V6u-NFi4TshSXiaWxQbA,FALSE
UCYCQm857IXmqNsONoSrKLOw,FALSE
UCdDTRO9-8mEGdgCRZU500WQ,FALSE
UCxHqHiV94gKEmv_InD60qlg,FALSE
UCKCSebYbyl1k7eHDDf1tGkw,TRUE
UCzm07EKTVowbuWPwLeiwToA,FALSE
UCmwAXN38dSdsdFuRQJVIDrg,FALSE
UCPfV2PpR9XPGwe9BQP4YD9w,FALSE
UCsv7Kw6Ad1vo_sgw-rsBLXA,TRUE
UCItDeiU2DFDYIgmr2AcqYyA,FALSE
UCk77vjDbeuNfBcZAfuHUM-Q,FALSE
UCPB7jlN7teyj4j9dM3uaNcQ,TRUE
UCgUCaWZiV_etFen9pQJ4XZw,FALSE
UCFc1UXAnOvihJb3zv1By-Yw,FALSE
UCWOK7I_NFR9H3B7_VzDZ4EQ,FALSE
UCnbXTLf759w7i8BztCKzMAA,TRUE
UCTJVG4j7embib_4K4vm-iIw,TRUE
UCcYgjf0-Qu6EWMNEPoPdy2g,FALSE
UCF5l3VWzJDgTuanNv7M68dg,FALSE
UC9ibzfsytzImgYZBChFJzOA,FALSE
UCILpTOgb9WA56kXGPN7FpNg,FALSE
UCgas44PVtblNwaYZMmePjFw,FALSE
UCtyJBLT_DOswO3YXmRmoTtw,FALSE
UCrSvhrtUgpZT3EU0x1Zoy-w,TRUE
UCw51YmYfYkCkisl9kAVAtUA,FALSE
UCezigxVj-1apEoLHk4ah-2Q,TRUE
UC-8clJQZkrg3qdqsvzcxbzA,TRUE
UCw2PrdOWEfcxIlT1bzj0YXg,TRUE
UCby5ZKyxiSW3dz_Kg5VDU9w,FALSE
UCJ-4K4911cLZMNEZLnxnpIg,TRUE
UC_JkjxMkPAK-WZ2tA9W8q-A,TRUE
UCzRhGhDTdA_RR8NtG6LzneQ,FALSE
UCcujVfXqz3KCVdOX-W919HA,FALSE
UCm6CzMdSu3zaGfjs9yTcUsQ,FALSE
UCMnR3mQfJ70trn7b9F-qnxw,FALSE
UC48vISqkp1iuUvq6bN7Ar8w,FALSE
UC-XHp8A93LmCnsQSXFxGyUw,FALSE
UCExlOjz0OJhOD_eO1DOId6Q,FALSE
UC3FVzXjav0fvOetTn8-bkzA,TRUE
UCWavEnPs5snAaSnH6FHndaw,TRUE
UC4g8s1ssMZVISgVf7BnnQeQ,TRUE
UCApwcZw_xawOTzQFoYVOJmw,TRUE
UCDqh1ZbMxh1yraCq5QfH65g,TRUE
UC50iz5aJP46T5n7gGgGMBTQ,TRUE
UCZlXWfndRF4PWcemogYeu2g,TRUE
UCni_-0jzMkB9zHU8YUqvNnA,FALSE
UCzeB_0FNcPIyUSjL_TL5lEw,TRUE
UCiuqfsMPDQaSaGgw1o96XrQ,TRUE
UCxgyw_mFxfgeQ6kZfce-NHQ,FALSE
UC6RPPKcZEL_WIfkovuOBZNw,FALSE
UCTZnWCGgt1dLylZxMeVo4CA,TRUE
UCHOYIw-v89B96xskc2kkapg,TRUE
UClsDI_I7vsPFNH4a1q1Ls6Q,TRUE
UC_XCPoXm0LTe5idOovptxZg,FALSE
UCdaVCV94GjPRZ1oTBjZNhiQ,FALSE
UCNC0gjftkU6yfNO7JnAXnNw,FALSE
UCqSCmrKSbLZ3TN2KVvw0KPQ,FALSE
UCZwEC_Qnv7stSlQilIqhSdw,TRUE
UCdv0wBAnP-bKb7RaGfNSkgg,FALSE
UCynXlSwTDlgZ7PZAHH-BIWw,FALSE
UCu734S2oW5iriwq7XHex_yQ,FALSE
UCkRH0fc91IM-uVc2AAXNfBg,FALSE
UCFU9lf8r0uPjljJCJ8jTfqw,FALSE
UCXV5iJSJRIShEB4_y5t5ABg,FALSE
UCbNFUTOKtO3UOrRlVFXDzeg,FALSE
UCXCOJBk_loOVSjANGt9YNnQ,FALSE
UCKjjmMqvuxNYw8c6knceexQ,TRUE
UCkDbxGSyvOgR8UJj3m0GC6Q,TRUE
UC5SiPh4uWz88zDFbBN-Tdiw,FALSE
UCyhSNdYfvlqa5Jof41H6Jng,FALSE
UCZvEw3WF-ovUhLFtH1SKzMA,FALSE
UCxCnNU678-ANZPJLClL-X-g,FALSE
UCIIGTHiXNSpr_oQZp9N-TmQ,TRUE
UCg8GEoh4lHGCGasdXxtJlFg,FALSE
UCEnEbZnMufWAXGEo68KqvzQ,FALSE
UCAkqtSoNBNbOrNTG4LlhotA,TRUE
UCAHtekbg5FCHdquuMiqv3Yg,TRUE
UChFt_sbmy5DX15GPeqWr73w,FALSE
UCrfnhIalN_slWiUEg5r588Q,TRUE
UCYx5Fnqws-zRmuBQMy5kUeA,FALSE
UCNZQ8bDdOl3DQ5B9GSw7sNw,FALSE
UCd9g58qzd3TS_5WB4zKqNsA,FALSE
UCzv1xDJ3Q2PNY68xL0lSGog,FALSE
UCWyOeMB7Vp4ii1qXkyoyNGQ,FALSE
UCgw36rLk7ylKelo-aisAEAg,FALSE
UCP36itunkuNWoGSbGyd3kHw,FALSE
UCli0urGBIeBxlMJuwFnbmuQ,FALSE
UCPkiOcDtHWZtlTilespn2xA,FALSE
UCFuPSIZ-o3FeI7lG62LLmSg,TRUE
UCVmiN4HMG9sc4Em5F0jGR_A,TRUE
UCsmHqTkPx9modsqcL5J9hUg,FALSE
UCbr68WEJ3e1W5NHIPL5RR3g,TRUE
UCxB_KaKhlYG_o5wEKJYNr_A,FALSE
UCGmwjdVPreAXW0NfBqSSYfw,FALSE
UCreSJmU8utwY-kF_TRAwnWQ,FALSE
UCDGBHWphU5n9ISc9QfGb_Ug,FALSE
UCFbGqIaWIqk82dpu0uEYX-Q,TRUE
UCqjvNcLjhQH9ylSzmJBzhJA,TRUE
UC_cMe_KH6PbKh51OmRVVyqA,FALSE
UCjHxmKEZVuf75jFc9oRVk_w,TRUE
UC6I6WaljvnH6hsfErd-Ebew,TRUE
UCz0nD84-6FTFWGS9MAT0oQQ,FALSE
UCUeUUFK2xI8zXT_ureim3Bw,FALSE
UCdBRRDF8PiUeOka5Q7V2nHA,FALSE
UC0fPuRU5fsyhBsXM3lhPFZg,TRUE
UCcv6qkluKQRBmi7PZrh9img,TRUE
UCWbMcuiNT18DDyNn-iX8Ing,TRUE
UCXYni4BNbPv-2xXEX7KjjDw,FALSE
UCsnA-YsBmr9niszHPuemCnw,FALSE
UC2jI1MhYqtdFpvOfrwqj-Bg,FALSE
UC7bhRntiK4KyYpx6Jw22rgA,FALSE
UCRtYTqmiX6Ul9wIwGw3y3OA,FALSE
UCJdcwVhLwkVPkrildpdXixQ,FALSE
UC-x0BxAq_STsdGSg_kbrLvA,FALSE
UCl8hrY7iGNpiigKR2tdTQ8w,FALSE
UCMtL4buTHs1W0uLEmByf8wQ,FALSE
UCnZrjucYjaXKUx8rD3qOBlw,TRUE
UCgtw6ik2gXRPiROCqNPve3A,FALSE
UCc2a-EQcBbsHgSMTsr983gA,TRUE
UCiJRKD3r4M23mHUhM6ro8iQ,TRUE
UCdH_gd_-X8DAZOYyWrssZBQ,FALSE
UC_6dOZDKErrAtKMHBCGOEhg,FALSE
UCymxonPm7jMKsbqcydJD0rA,FALSE
UCwTee6jGG-AhD9s57U6G9Ug,FALSE
UCkkkiLEY93il3NA_ECZHAag,TRUE
UCimgFtU9Qz5Pr8rQn90f88g,FALSE
UCMNmwqCtCSpftrbvR3KkHDA,TRUE
UCn9EI5qeV8nwS3I9TEMCRLg,TRUE
UCLq_SYAsBOAHmWE6CoGzaTw,TRUE
UCgLwTbHdxcX6gfgANwiQzfA,FALSE
UC-9Kmk6Nt_xF-lRcMhI8hKQ,TRUE
UCgEVRe7PEZQUEyuuxMwdVmQ,TRUE
UC7hxro6moIkO494gY7ch3kg,FALSE
UCCpPM66Mh7dAsOM377v46xw,FALSE
UCQXg18hGq8ODC_qyVygaHEA,FALSE
UCYNaT3jLeU7rZW_GAix7YTw,TRUE
UCUZMdWGFP4iO4ZG3ilo0VpA,FALSE
UC1o6smXb21IK3HV0yUcOFNg,TRUE
UC3JHCzY6z7WFAXVSVg-8l2w,TRUE
UCpB959t8iPrxQWj7G6n0ctQ,TRUE
UCq3HG_FLEzMh4XMxikjDx0Q,FALSE
UCHBWN1CtqAgnKgN6xIJBFPg,TRUE
UCW4_vrAdIq658NTwQTTA2Fw,FALSE
UCkHlHMr_D5hetYy6btuY-tA,FALSE
UCjwVaGmrDZsVq6cdf6O8t-A,FALSE
UCPDis9pjXuqyI7RYLJ-TTSA,TRUE
UCSYBs67KQjq29fJ0My51_AA,TRUE
UChRExdrWaXxxveTOb1_E_mQ,FALSE
UCHmhLe3w3pQpUmonqkthE3g,TRUE
UCRIu9Z1XQ4fsMzfb5vkVCcQ,FALSE
UCqeY-StzmmHGYNRkQ_r49Yg,FALSE
UCOD61z-vlytlhJDKje5zNPw,FALSE
UCaH6XH3AZi9g3rcyKOFtjbw,TRUE
UCOrGpfzWIn4WWJgjgyrq5cQ,FALSE
UChboFzTgHPP9zkk2ID9AeZA,FALSE
UCqAS5VXjDByC9UN6NTDrPHQ,FALSE
UCPOIFuct7fjWKkiDRTNJqrg,TRUE
UChF-9ZaZxXwqM5qFXX9wgLw,TRUE
UCshfkdpahG1U4vKIDjE4D0Q,TRUE
UC8LcA3grYZg0GNpxlXh8owg,TRUE
UCNaNmNp6-3yMF2XyGYoga5w,FALSE
UCpZLNDzplh9FDioOX-jnvKA,TRUE
UC7vv4cRfzZ-46navm8rvelg,TRUE
UCYT0OOzMUKkCSXeP7CyAQrQ,FALSE
UC-pE29OUR43BqqBxIeyo_GA,TRUE
UCvsMJuKN5n6Li0pp6oHrFwQ,FALSE
UCN3OXmlai-gAaaicGXg9tCg,FALSE
UCqPoizY22eEAmsvmFVUtb9w,FALSE
UCbwSxv4kkURMAjsX01zFTbQ,TRUE
UC_rHrqqP6vhqLhGjiGyOs0w,FALSE
UCcvtWqv_RPQGZKHE75rtmBw,TRUE
UCNEKMkg_DG8eAyR1BNWsSvw,TRUE
UC8u9nn-OlcBOYPL08RzAlcw,FALSE
UCggrHzul4f4wmXIr2VpJiFA,FALSE
UCpSyYrKg2EolrrZ1XOJrPLw,FALSE
UC1ft-ECMa6oHFVA9DXX98eQ,TRUE
UCNyO7ml_HVGhJWFQrxWtE_Q,FALSE
UCCtG3JJ62yRsAvRS5cT0aMQ,TRUE
UC3339WgBDKIcxTfywuSmG8w,TRUE
UCrXT6rzx75YEJpHCZv_Hhhw,FALSE
UCbl4pUH7hdGRiq0lQVTwHPQ,FALSE
UCpPcXAGIp_pWURZZXTtTrzQ,TRUE
UCZxd1x9QJughovwPIUso7qQ,TRUE
UCH1cm14IzXN9IoWTcDhQRYw,TRUE
UCyGd3cN0zA8VLLqYV-QyIiQ,TRUE
UCUKMpHTtAG8bJY7bMSatNJg,TRUE
UCFFUY0PCOH3CieBjbZd5suw,TRUE
UCSXIjW3-sHwsiLLt2G8hEnw,FALSE
UCi0q0edqBVUrWV33p7oE2VQ,TRUE
UCC0-My2lNKhaHTa2tHwlabw,TRUE
UC8SZEDw9KOK_-wnki2nrj3A,TRUE
UCiwlzp0GvOuvM_zH7myirOQ,TRUE
UCy4yUVOTiEpS9H94m-Qej2Q,FALSE
UCP0XktX1FmYL--LLm1W3FSA,FALSE
UCsPA-hLmF_kXPHP-YjGWeKw,FALSE
UC9tztlONSXmfzY3QAQ82QFQ,FALSE
UCWgaZEAILUROPpbBTHfd7oQ,FALSE
UCU8AzcteogFlkllpmqm7yuw,FALSE
UC1OntG4gnEN6OlQndUdsR0w,TRUE
UCPDJ4OCfCe374_P1gfYKedA,FALSE
UC17IvepCKuw7gkSTHSPP_Ww,FALSE
UCwCVy302o8QfMAUchvB2t5A,FALSE
UCj9aFd9JVA70udVnum-MKWQ,FALSE
UCBgO8Z95Kx306kU5R6RFA5Q,TRUE
UCXa9OdFk95q_MiS8Yu2Cvzg,FALSE
UCndI_OHzAW5o8HxM4vq0rtg,FALSE
UCNCruS9eBYPJt9p955J5tzg,FALSE
UC-TQcBxiQrZcr7fPFIzXmog,TRUE
UC_vLNW0-OMojPEg4aO74bbg,FALSE
UCZcz_zqcL-Zla6oifipbNug,FALSE
UCIhRlSaMdABFJO3QM16mcSA,FALSE
UCzPQreht47Pu8SI2Gp1D-dA,FALSE
UCay_OLhWtf9iklq8zg_or0g,FALSE
UCSedogQCU-k76_UNu8WpNDg,FALSE
UCvWYeLsotvHG_k6SgcGTPvw,FALSE
UC2Fv5bsYzD36xxv9JrAuPzg,TRUE
UCUImlwIk9-88oX_3W4csqug,FALSE
UCAn_oF3Mv31X1_iAKenIBCA,FALSE
UC0z4P1lnHGikBW1z-edBk8A,FALSE
UCvAlmquinLlGfcuLJcLNWAg,FALSE
UC3zhCcqhdyyy6vyzwoWZJ7Q,FALSE
UCrxRPHW6bkFNfxrxsEgBQjA,FALSE
UCKUtS2jNgfdEBRwWK1sz4-Q,FALSE
UC7MczB0UfR5SUQibfGmL0cg,TRUE
UCHP_QW1gylTTNCs3iLbgY3Q,FALSE
UCRUMmF563C8os4JNT_OGdJg,FALSE
UCeR-Gl1vDj-nYjaUvfGykDQ,FALSE
UCk8Kccr5vckZVyJ2KmR0sIw,FALSE
UCnGeLNkT4PdWM0RoNwm2W8g,FALSE
UC-ddJ1wpFzP8SmaqqqNH_DA,FALSE
UC1ezoVTHnyxR1e5QYqdY7Lg,FALSE
UCrAjlDXb6HdHoo27lsKbmBA,TRUE
UC9PZT9f2YJRmtQL9455WH9A,TRUE
UCSQ8T6df08Ukc8wKvbxWfww,FALSE
UCavAXp3fx_l7MuJm6p5HuXw,FALSE
UCXGrOG7PE1Xsjw4XZe43nvg,FALSE
UCidCOTG_pjHVQPck5S1Bq-w,FALSE
UCQ1Z0PHeTC4pLROheEV1XkA,TRUE
UCd4oxgLE6PGowmAGV3bCL1Q,FALSE
UC00jthxDTkwNIaj46XAEddw,FALSE
UCyME1O72aVk8HMFMGRtjezg,FALSE
UCXfw97gAusvqdFw8p_8msAA,FALSE
UCq3n3P_1RPOkuDqZDhImmjg,FALSE
UC5jMLapp2Z1OL-dNqM855KQ,FALSE
UCmRLimi2Vt7jsCrwjEuSE9A,FALSE
UCJSS7iLPehCuSNCulTlKMVg,FALSE
UC7UdKZ9ujF1sFlP93dfjMgA,FALSE
UCAXkByV7ukrWp-8vR3ReLEA,TRUE
UCm0nSjfICjm9XkjhyRkripA,FALSE
UCTz7hPt54-mdAZWLT7uAIMw,FALSE
UCJtjTo6iLH3aBn7DzlHE_rA,FALSE
UCc9hSrWl38iVzRmdFhcmOjg,FALSE
UCgwp--gjWuzllpyzyWSo5Rg,TRUE
UCocjbnMY99bUwoOtC7OkT9g,FALSE
UCrghRaw9QUj9wr1KmUmq-Ww,FALSE
UCYFvEPbFbDIVRiODrh1-x4g,TRUE
UCkaf5Ih_hfJhgSYuxdRrAeg,FALSE
UCf-F5Xe_y99T-VjstWeaStQ,FALSE
UCm0meJiLbsa95jGKdiOG3MQ,FALSE
UCGtX3UJwJ82TnN_94Y-TTiw,TRUE
UC1Photif9O5xBJbWhhuenLQ,TRUE
UCNvbzaEumM6XxoigLKk4pKg,TRUE
UCC57FdmxzApAE8pf3JSggdA,FALSE
UC2EYz8hdR6B9FommcvFMapg,FALSE
UCaY0KUgBoNMsiAmZB5ocXPg,FALSE
UCa30hKaGhvDQ3agUfMRjRlQ,FALSE
UC-dw7Ff8BMM5_gWGaBm590Q,FALSE
UCUakgkLGkhyemHe1x4OhaHQ,TRUE
UC-k-Rld-31VU588OAEWC0DA,TRUE
UCD6zwIVajLLWvSAzxmLbw-A,FALSE
UCcq-IiZQr5QerrzqNcZFO5A,TRUE
UC7QEC1ilps_uJ5vmPf0shAQ,FALSE
UCZHWJKRoXdxJWehGd2QvRvA,FALSE
UCe2YSQiQurqip7c1b9IkTwg,TRUE
UCBs2Y3i14e1NWQxOGliatmg,TRUE
UCmmIXt8yU5IUP7IFrwCPCiw,FALSE
UCGBtk3J7PL40ZMhf3_1YBwg,TRUE
UCEdKu3D2SHD6RAHffCfR5Pg,FALSE
UCHuRmBiNxVXpaPWGNJbkWJg,FALSE
UCh0g_cn24kkCh0CqXL2-Rtw,FALSE
UCPb6-rZi2orgH0EEqYB-QdA,FALSE
UCHP1TYqf3gDuPgMWHe1_qaw,FALSE
UCxKayhmO574h5v6-zPDKptA,TRUE
UCFTR7-nvJVhZK9hhMEx3c_g,TRUE
UCoNchVUvqpueNXNAj1xxgfg,FALSE
UCPIFpXoSHcxugKT7wnnsDHg,FALSE
UCgzZQjRQDzCxMXsrvz8edFg,FALSE
UC2Zy7yOQSQySE5izhB_fuYQ,TRUE
UC1k5tFwF2dDPaFffLf-uSiA,FALSE
UCpmxmmW7ERkH_hRtLCVhqAw,FALSE
UCdZITMrih6tDcA-yJadA8Ag,TRUE
UCLDqwYRIwQXMa8U54dxDtTQ,FALSE
UCfYOgElzqPqAoHsLn4pvVlA,TRUE
UC2UxwknruoZ3D7-1_WCNItQ,FALSE
UCqbjXOW_--P4_oKjx72ODIg,FALSE
UCGqOTtZcPXPZvORJTF4UIdw,FALSE
UCj3pSt0tKbDQ5ObZBFdK5Lw,FALSE
UCqHTLE2ISetsO_rHBiiXhdQ,FALSE
UCRYYWAza_XEzVKKqbu84SkQ,FALSE
UCy5KtRxl2tFc547LQhoJ6wA,FALSE
UCneAS1aSqCNW_P6MZP2_tSA,TRUE
UCbLEAJAo7Mw42JqMi86TVbg,FALSE
UC82kOfh5EDszJiCfxCva0CQ,TRUE
UCUuQgufDeih0Y5PMlOs_lQA,FALSE
UCmkuiue0A7H92rcZm1OaMaQ,FALSE
UC9MtHm0j7z3aKoj7G7KeF-Q,FALSE
UCRoX7ew7KQ9Y1JynoFBc6yA,FALSE
UCZiM5qqYNhMppjECQTfP7bQ,FALSE
UCJxNkQZ_x6B0X6aybMZWelA,FALSE
UCTEpn7yQrF1eKMj3jtRCjOg,TRUE
UCeZkHHXkbqJ--S7J6zW2H5Q,FALSE
UCCxMolkBbFvMATFEf5En_TA,TRUE
UCO7SyepWR3VTyHwByla3o_w,TRUE
UClT7hcMpiE9T_XDHLebO04A,FALSE
UCE3rJPSpXnVxvgBSXQWeodA,TRUE
UCqCx7rcGEfjE1adpO3puZ8A,FALSE
UCp9_IdYfsUcLkdFl0x80Scw,FALSE
UC9DyR_6F9zbkkphv9xs9Rxg,FALSE
UCvZlxYzPCyXrtLHkkgPlTYA,FALSE
UCWsX3xDj6ekgqHOQ_fSkBqw,FALSE
UCIoFT6fYmzIEMjldKwytLWA,FALSE
UCY30JRSgfhYXA6i6xX1erWg,TRUE
UC-cUxjYYGuehenT3YWH8sUg,FALSE
UC4WDGBa37-y8-HQEaUc7NPQ,FALSE
UCNwL2sXSTrW8wW6BuHeJ3rQ,FALSE
UCaDYRLZC8FL-Df3ZJHDnpzw,TRUE
UCWv_20ptZMar2TDswm6wYLg,TRUE
UC8ekybeo216CnGEnO1y7duA,FALSE
UCY9vnY4jMLQEpC_8cJWnHrw,TRUE
UCSx5DX6vU1nAi49Y01mknkw,TRUE
UCBRmwsBDr6EDin0O5PQNy0Q,TRUE
UCUnExvOBNIzmWnaWCd-Ka9Q,FALSE
UCcqsx0NjdN3Ng9Nd8VSOlXg,TRUE
UCnZz6TEZNfcSi5ghUndgygw,TRUE
UCW0rZ4UyCD4iknz7t8ogIpw,FALSE
UCETYzeJczHB2tDjIzkzF_CA,FALSE
UCv6mgxOjz1UA2tcXvuzlPYw,FALSE
UCx6jDI1s0KnYl8T7Z5ANv0A,FALSE
UCstwnmjrH6CX63UNqo0Mh5A,TRUE
UCcCLDruqa7cwT-xZgkGZenA,TRUE
UCOyQHPE68M-7IOWkdgom9-Q,FALSE
UC-YjlUm5ee7_sXHvIo5-hew,FALSE
UC9ureZgJ6T-KkYsS_fK7Zgg,FALSE
UC69Y7DCJKcNRVgM_gX8mX7w,TRUE
UCL9yj-9iVdA8hjr5istRlFQ,FALSE
UCKTHJVq9B4aw1enKz1nWhUw,TRUE
UCz590VCg2P4eZZiH_g4BQ5Q,TRUE
UCJmrEANvwVvAec1-ybpFoNw,FALSE
UC4D8uQg4bfBR5sTrO1VG4MA,FALSE
UCoPHN90FtCtc0sLiHDSWxsw,FALSE
UC4P2wqeGTaO4CPVd5hP90SA,FALSE
UCKy1dAqELo0zrOtPkf0eTMw,FALSE
UCO7fujFV_MuxTM0TuZrnE6Q,FALSE
UC9pO2YNforRbdwKOh09djKA,FALSE
UC7lZ_iOz3NhA6krGfILerQA,TRUE
UCdI_pzbYbtdDXquCmZOfTPQ,FALSE
UC0lRhmEiBp1-HAFrVcrAueg,TRUE
UCeohTt4JJAzNLnxUg3968wA,FALSE
UCJzte74amLpE7xuubKC32Ow,FALSE
UCN-6aIGc_tcZyhXH0vOOulQ,FALSE
UCAGaiCMup_uxEMcBCcLRnmQ,FALSE
UCHCph-_jLba_9atyCZJPLQQ,TRUE
UC7_YxT-KID8kRbqZo7MyscQ,TRUE
UCOJZ1tna8yj8mAEITPkHNCQ,FALSE
UCSAUGyc_xA8uYzaIVG6MESQ,FALSE
UC2iUwfYi_1FCGGqhOUNx-iA,TRUE
UC9-oOzriEPfpPvjTOAu3Cww,FALSE
UChLN0bJgq6d15OK2HVB4YTg,TRUE
UC97fD0Bh2p3STJ22frc3pRQ,FALSE
UCGNU0M38aTwA1QV6mECn5OA,TRUE
UCrrvakqJsCh0J5yRxS_ZEjw,TRUE
UCenMWMQOjul4ufo49xkvTYg,FALSE
UCH1v_rfUpMBCC7-0kjMLMEg,FALSE
UCEjNucEVq5vRH2IGNeTqx3Q,FALSE
UCWbvaqKOLQ8RS5Nc4XWWdhA,FALSE
UC59jm6JUT_PNciq8XNHDCbA,FALSE
UCbjwvVXd4sMlBTpeXBZftDQ,TRUE
UC-QZWTOtdsm6CNPHUR88irA,TRUE
UCt-WqkTyKK1_70U4bb4k4lQ,TRUE
UCVgZw2hguslwhERp-BRYFAg,FALSE
UC6jxVdAc76RhO_byMwq7HaQ,TRUE
UC5BMQOsAB8hKUyHu9KI6yig,FALSE
UCVJ2GFJzJgwyN7eWWWSpcHA,TRUE
UCV1JuyDF9Re3HyXFGeqnC7Q,TRUE
UCEvLUnQiH-i1XUNikh0Zm4g,TRUE
UCJpL0JQKe7I2EbphDI7IKPw,TRUE
UCvtvlD_b6HkhO-pol630N3w,FALSE
UCH5ltHYCVSkZ7tiJVe0Dq0Q,FALSE
UCiha1h9wDB6MBXQKtttqHUg,TRUE
UC6IijBsVf2PlWo_uq6P9wQw,TRUE
UC_zEzzq54Rm0iy7lmmZbCIg,FALSE
UCo4ywJQXfUIB0lCBpczW3cA,FALSE
UCZJz0RayJBfATZlwmpbPB8w,FALSE
UCAloSEOb-EsfrqaWD7G3Frw,TRUE
UCXazgXDIYyWH-yXLAkcrFxw,TRUE
UCcdbBVSvHFELrUkRYSNbcug,TRUE
UCSjXXHwfaDq1w9oQ0xgOFNg,FALSE
UCfvLH5R0Rv_GWldg_YfYacA,TRUE
UC8rVJyj4zE0S9-sccMLifIA,FALSE
UCkMjQLGU6lyN2CUp9yBGQ4w,FALSE
UCQXj1LsA6K8A9uW2iQVhIgQ,TRUE
UChdaijfOn0PIKYel52M2ZCQ,TRUE
UCJv1rkl3-Qpfa4q5CJYLs9Q,FALSE
UCmDM-a4Q6dlmjhuCT1D_PUQ,TRUE
UCAAszizDDdScfqclAybLiEA,TRUE
UCN5xN8gIljvWYnsj06V8WbQ,TRUE
UCaCPkuYCvYGuzWFYRcKdd0Q,FALSE
UCD9PZYV5heAevh9vrsYmt1g,TRUE
UCyLHOxXRmp9z93Qga-Dj0sA,FALSE
UCXfeU2D1Q9T792T1fCi_ayA,TRUE
UCyauCpNGgga52OMKn9yYW_w,TRUE
UCqgriLWR20k7_sH5D0NZlFg,TRUE
UChl6CG-V7LgqhfwkvbHH67Q,TRUE
UCbC-982BaGvFR2CBI4UdNwg,TRUE
UCKH9HfYY_GEcyltl2mbD5lA,FALSE
UCKL5hAuzgFQsyrsQKgU0Qng,FALSE
UCHOW0WHcVUE-kSSzPXShB7w,TRUE
UCTkL2hI0A-Zfid4O9RvXVtw,FALSE
UCd1fLoVFooPeWqCEYVUJZqg,TRUE
UCcBDDGP59a8SCzYLA_lCkuw,TRUE
UCM6yPd-dzKvHhGptvrAmT5w,TRUE
UCzfyYtgvkx5mLy8nlLlayYg,TRUE
UCYzPXprvl5Y-Sf0g4vX-m6g,TRUE
UC0_rHbbPBtpQN1emc3an1jQ,FALSE
UCUk7VggtJdo9XYTy3Z5QVAw,TRUE
UCfoXwBVE0qINt9ZQx2eYiQA,TRUE
UCBdM5ciwKyTFbg-AuLG0S0g,TRUE
UCQpNRtA9mov4795FNZz1TpQ,FALSE
UCcmHmiEFz0qatMgV6E4VePA,FALSE
UCX77Km4pLRsU9OFYEMdIvew,TRUE
UCP-CAwOG0AiieZNFdONsN5Q,TRUE
UCCryrohClZM8XK4yEYBE_qA,TRUE
UC8-Fj1X9TI678ba1wv2PP_w,FALSE
UCviQMWBynNPLjkl4s-Nu68w,TRUE
UC4-qp6FODsJf_JryP10wRiQ,FALSE
UCKV2MIICJ8Oa7_he1IZJEVw,TRUE
UCWENB1OaGA9402PKzEVl0ow,TRUE
UCJkMlOu7faDgqh4PfzbpLdg,TRUE
UCNLdqhBwGzscezZwsdcm0SA,TRUE
UCIK7o7f5cxaN2aom3k9549Q,FALSE
UCEy1zKkK9-ujYEkaSlTo1qg,FALSE
UCHEf6T_gVq4tlW5i91ESiWg,TRUE
UC_wIGmvdyAQLtl-U2nHV9rg,TRUE
UCxSjoRRrprrbX9uYIRVrerg,FALSE
UCglYq701IltaH0Fk-z3UsSA,TRUE
UCRTMrZCgRL4ylrgcwWZGACw,FALSE
UCzYfz8uibvnB7Yc1LjePi4g,TRUE
UCI3kklOT-m7i8wLwy-It4Pg,FALSE
UC5EKlflss5IVgIfI4-sjd9w,TRUE
UCVTKO1D_G19UlK03ezaADag,TRUE
UCdnJJrDUl-y_ryelLMslxkQ,FALSE
UCXghqKLrPsGtEAQpmybkXrA,TRUE
UCQu2svIia4qtuWcuQQVFj7w,TRUE
UCC-RHF_77zQdKcA75hr5oTQ,TRUE
UC6iEWYfIORiis3TSYOJJMEQ,TRUE
UC7eHZXheF8nVOfwB2PEslMw,TRUE
UCnM02drQP-dF7WMgtJHR4Xw,TRUE
UCzSSoloGEz10HALUAbYhngQ,TRUE
UCSkKAqmw8DZjU2A-Fupl1_Q,FALSE
UCUpkp-6fXuG9dqfoJ99XTmw,FALSE
UCfw8x3VR-ElcaWW2Tg_jgSA,TRUE
UCJnslt70lLbUFP2LjOaMSIw,FALSE
UCGDV4-Gr3gyc-eGCgRtXknw,FALSE
UCgPClNr5VSYC3syrDUIlzLw,FALSE
UCRzOK_1QBC9SSQoJ4NjA8Xg,FALSE
UCLFXk9J3O-hhOk0msOjKYdQ,TRUE
UCkuioLhxT5R6KctFIvUzhww,TRUE
UCI3uC73n0pqSNIayaIj9p6g,FALSE
UCCyrXyelKeXFx5KDgldMmNw,FALSE
UCAGlOxmYbmXMifHpB43P2XQ,TRUE
UCz_cDc_2arKIb6SlJoqFT0w,TRUE
UCAsLjyYl9GW66G1mpMzr8IA,TRUE
UCS9swtRyPN2aK4WPSk_tdrg,TRUE
UC6LJv9KWTQ-BiTU6oYiO8tA,FALSE
UCcjoLhqu3nyOFmdqF17LeBQ,FALSE
UCf-gQkGR25Pt5_pFV38sR5Q,TRUE
UCTQ-gSOpuLtgQarXw3XVmyQ,TRUE
UCeXoFprcU1KmMiGu1gREsFw,TRUE
UCzj37PMc7beDImJ8uOhMlyg,FALSE
UCfpWEVNwNpT6wOQjzZixruw,FALSE
UCwgz2p1VZy_2YULNS7Ya6dA,FALSE
UC_9h91QNPdVIHeuQkchBAYg,FALSE
UC-F6LZSWz34xKknY8NNCzgQ,TRUE
UCCB2Qj8sI2mZ9_llRqLW24A,FALSE
UCtYBAk9PDUFbSwyINasDHZg,FALSE
UCfo5zBbZ0smfxukdpTAs_dA,FALSE
UCDXzb7UwCDktJaMiIBU0wzA,FALSE
UCJ0WquyQU34OVq39vBNU7MQ,FALSE
UC4WDp-auRx8vTzyzBFnfHGQ,FALSE
UCKc-7Oz9_Uc3MVnd9_iHZCA,FALSE
UC_W--p8UJ83-Dt39VfwHqUQ,FALSE
UCtsEEvj2ncLqoS-IGCjq9CA,FALSE
UCvP171Fl9Z69Oj5kMPWJWOw,FALSE
UCdQ0c_PsxVaYLtdkBb1Dihg,TRUE
UC5M_h2S8Ldoc9M6f7B-_m6A,FALSE
UCRzHobRLv2IsVXRUiXNAnTg,FALSE
UC-3-Hm-sb3uvquUYzbS6QeA,FALSE
UC3uVf7bsWEBeN-AqaQtqIhA,FALSE
UCb5okvS95l2QAPsZV6ulRmQ,FALSE
UCKXzKZIfyezvNTEAbUQi76A,FALSE
UCNJzF_0Tcjws8tRfA-DWhng,FALSE
UCyily0XbC0FotCQARGxRxLQ,TRUE
UCJbbf3IwiY96jOv7bAQC8Ug,FALSE
UCrSondWz4M2c3sJ-ylu5IxA,FALSE
UCInCjDVRwDfB2PH00nB4UTQ,FALSE
UCexDf7JTFrjguQIalbL2tXA,FALSE
UCTRNV3t2jxbkZgBjhyDv8UQ,TRUE
UCbkoCfN3WRL0TCzknK8Qi3g,FALSE
UC_Xw0yKAHTwnfUoPt-av8VQ,TRUE
UCspjaAMsybCNDNxmPhPgvdQ,TRUE
UCx0eQsDrjn-EXMWeusTh2cQ,TRUE
UCjzE1AOFS9AOtomzR3Ccang,TRUE
UCtVmCA5qjxCiktUd3dZu5hg,TRUE
UCSwuLbQ41gV-eTLkmChGgqg,FALSE